par,mean,se_mean,sd,2.5%,25%,50%,75%,97.5%,n_eff,Rhat
theta[1],0.027592558421478768,2.7516630260835523e-4,0.02921341612940226,-0.029012793870246523,0.008001222118561928,0.027534095909783736,0.04723024548116561,0.08521757957254775,11271.304782313451,0.9998931318911781
theta[2],-0.07466451060422885,2.632029739513937e-4,0.030889220931408563,-0.13531259515787467,-0.0957088874505933,-0.07454682747142559,-0.05374941996739633,-0.013763981314312158,13773.119820203949,1.0002984376742987
theta[3],0.030477256041961515,6.047753203675217e-6,7.912569810219725e-4,0.028917231099065535,0.029944505939451124,0.030484217471474468,0.031017467845983193,0.03200971176676807,17117.7622052864,1.000091427099059
theta[4],0.03896182730914838,8.100068118450917e-6,0.0010766066205289962,0.03685109659508309,0.038239216211766354,0.03897023563339545,0.03968587828958235,0.04107103812223853,17665.939957112925,1.0002064400096362
theta[5],13148.670417565982,3.9027874137031713,450.9953221601464,12250.59946234367,12849.260572367237,13147.579426664404,13452.844064626155,14031.740668630679,13353.474551358937,0.9998492633555099
theta[6],14397.487382201793,1.9148963764048927,231.73746141444224,13946.424930183099,14240.09087777238,14396.973425554334,14554.325567207477,14854.779584574204,14645.423533423458,1.0001684042657464
sigma[1],0.08207889086335245,2.7647221476527495e-5,0.003965690304982046,0.0747847764712941,0.07933657298248734,0.08188872517408813,0.08462762686760358,0.09030891245912433,20574.751946652024,0.999966629751626
y0_hat[1],2316.2527896006277,0.24823485313882668,35.650569873513525,2247.3805937402335,2292.2797596920736,2315.691755385881,2340.1699703190825,2386.3175081170243,20625.64016157856,0.9999133859762309
y0_hat[2],3777.8573777313404,0.44623622054198053,61.51811757194834,3658.9676021290406,3736.527771003343,3777.0683695420494,3819.464034897258,3900.0968461023276,19005.37478550605,1.0000509149118213
"y_rep[1,1,1]",2382.3606170779244,1.4304231756828123,199.841366075596,2019.428984949027,2243.538733531483,2373.3295351065553,2509.6607649904317,2802.063904579085,19518.287182348693,0.9998951424725663
"y_rep[1,2,1]",3903.987778199899,2.285071963904344,330.17859870673476,3297.3042215337487,3676.47300453102,3893.1985458392264,4115.477294686288,4599.3336624113435,20878.441464883465,0.9998869662659464
"y_rep[2,1,1]",2441.2785047962448,1.4292433359652985,203.23422518005077,2068.4062531177833,2301.116712192482,2433.561144498055,2570.76315050463,2862.1524419923226,20220.008803662586,0.9998596035639352
"y_rep[2,2,1]",4017.8711809901743,2.367382403487441,335.5192733618322,3408.3060790520512,3785.10757614736,4003.358305733198,4236.390784201788,4713.89631441681,20086.215355217893,0.9999492664217888
"y_rep[3,1,1]",2503.247567088864,1.4850967023001584,209.64228588634288,2117.7248822490624,2358.4433426905575,2495.2405586117993,2639.8207254667927,2943.4313710748647,19927.292956755762,1.000153751358442
"y_rep[3,2,1]",4131.59236628519,2.4601791499541603,342.8028432983969,3500.428721073922,3894.373364674031,4117.011773580376,4354.625156722505,4839.358093816833,19415.80331088918,1.0000083140978209
"y_rep[4,1,1]",2565.092579563493,1.509748185622392,212.7393086444291,2169.8293836738862,2419.540180428138,2555.157790223641,2700.8070500149433,3009.22832766764,19855.75723792903,0.9999902543129513
"y_rep[4,2,1]",4247.560633911078,2.489588951960192,356.23264724223003,3590.3655478908163,4000.682567372689,4233.046216885214,4476.366565447734,4986.45584841641,20474.44510328117,1.0001571252493087
"y_rep[5,1,1]",2624.5698212621455,1.520088086573356,217.61400894251494,2221.8337918099473,2475.10893290054,2615.5985958626993,2762.706365864924,3075.753299788287,20494.446269457952,0.999941248363009
"y_rep[5,2,1]",4371.09369202692,2.620691719623987,364.55019275956545,3700.800248479458,4116.258425991805,4357.405801596278,4612.1617337790685,5126.3149299853785,19350.081182430637,0.9999531467774068
"y_rep[6,1,1]",2694.228078595379,1.576932426798852,223.72135926681247,2280.712734995912,2540.8369282185713,2686.092389220309,2839.5913634654316,3157.8981193133873,20127.44882562251,1.000022220342581
"y_rep[6,2,1]",4494.717823850125,2.643570290982802,375.96028540973475,3802.34070101487,4236.17903416086,4478.545560834782,4737.6923791482395,5285.845797867702,20225.637359561144,0.9999966510286435
"y_rep[7,1,1]",2753.622470299512,1.6357578430714315,229.54112444039265,2333.980646284459,2594.164079184931,2743.132365172666,2901.8562501000874,3229.5741836119214,19691.689850596173,0.9999331059634932
"y_rep[7,2,1]",4616.647940930182,2.714183711149204,385.82902522426235,3905.545611186854,4348.565975159943,4602.582947495893,4863.407021147317,5423.879172072887,20207.440646554955,0.9999956293488936
"y_rep[8,1,1]",2824.812178748045,1.670017076981935,236.84105351841873,2391.794135043889,2659.721323112884,2814.588090292638,2974.25864442769,3324.771311509002,20112.781903510688,1.0000251518391758
"y_rep[8,2,1]",4739.911005551907,2.7880083300170067,397.86336242346977,4007.611275988939,4463.366439241687,4724.590941075721,4993.508644042608,5572.820157624723,20364.78189609321,0.9998552578207477
"y_rep[9,1,1]",2886.6713006677846,1.743417567433533,242.17833178619304,2441.458561593372,2718.520599550534,2875.8762020552467,3044.533656873747,3389.2338969292305,19296.01957140808,0.9999810083958891
"y_rep[9,2,1]",4870.949582586561,2.9271667107970067,404.6772037913476,4125.638465932801,4594.218602011118,4851.840163242475,5129.578811827176,5721.863620436869,19112.723014708212,1.0000360609046801
"y_rep[10,1,1]",2960.770734263276,1.7928487486458355,245.77439109197329,2507.687217290421,2791.184219898303,2948.0128887315805,3118.337169848016,3475.117354764879,18792.560314283917,1.000001722776512
"y_rep[10,2,1]",4996.0954748490185,2.9587470726472493,415.82995477160415,4242.1480955439365,4704.69737254246,4979.736820766799,5261.63624892378,5863.086118001946,19752.217516426856,0.9998305540953568
"y_rep[11,1,1]",3027.7403248532446,1.8041498576991322,252.19060382098496,2567.0926499456186,2851.374274803724,3017.989021977997,3191.997875850356,3552.987896763378,19539.461301908672,1.0000093782083779
"y_rep[11,2,1]",5130.635237587175,2.997864819398817,430.0885239536208,4347.327549600609,4833.294754198867,5111.341230275939,5406.49126160481,6027.857259372618,20582.19164226857,1.000105362580118
"y_rep[12,1,1]",3098.6276154788284,1.8416659564551354,258.0918902389821,2627.358291016544,2921.2410400303925,3086.6677929788784,3262.893018796134,3642.1712087999754,19639.34486659142,1.0000442357523822
"y_rep[12,2,1]",5264.650227067254,3.1502766931678625,440.29489026646615,4451.788684158348,4959.153413258139,5245.575376880426,5551.253824622389,6191.791253287141,19533.94184704259,1.0003020264222044
"y_rep[13,1,1]",3170.484059327162,1.8854587451000908,260.8081615542353,2690.575676318011,2989.866378945116,3159.7018513559906,3337.4376442216935,3709.4598196739876,19134.110914560748,1.0002699154970407
"y_rep[13,2,1]",5398.54386045446,3.2001323791697587,451.4562672968564,4558.498902660168,5087.506897042795,5377.52812330161,5692.8197204586195,6335.434822023843,19901.943308140744,0.9998983100140514
"y_rep[14,1,1]",3243.954326729551,1.8991120667088564,268.75198340611007,2751.2527805169834,3058.543356282252,3230.4568973331425,3418.4836956068866,3807.3772986426115,20026.366950554042,1.0000219379892386
"y_rep[14,2,1]",5533.028663619336,3.2956520584144573,465.8435415680696,4673.007365373657,5210.063807435693,5513.48791492124,5831.6712498654415,6496.5895658837635,19980.090400396115,0.9999978656329391
"y_rep[15,1,1]",3319.621226134255,2.0120717878292567,276.6191175840332,2807.5412939131056,3129.189832430365,3309.388586057861,3495.7135724725267,3894.75296886262,18900.680459031704,0.999944745770544
"y_rep[15,2,1]",5676.271096081567,3.382201974357721,472.53245714774573,4809.365086211945,5347.396597764248,5655.798852359701,5986.776160086934,6651.061420543665,19519.29877160256,0.999918087533678
"y_rep[16,1,1]",3390.164822299409,2.009582030516017,280.47498224290246,2867.9992420758626,3197.00244181047,3380.6718190277643,3573.8578019361635,3961.041469866352,19479.454064732894,0.999939742682341
"y_rep[16,2,1]",5809.826078543395,3.385711943301336,478.917058567857,4916.78208746431,5481.131242379983,5793.912136768111,6123.12444205111,6795.97340781482,20008.779667517214,0.9999409599840926
"y_rep[17,1,1]",3469.8390878254327,2.0292424979008166,288.66308327293206,2940.1588565883603,3270.8557366021887,3458.554331486524,3652.843708644741,4081.113513290327,20235.530483142735,0.9999097449732995
"y_rep[17,2,1]",5947.305765409872,3.4909366666493007,498.90383752849306,5033.934658360779,5598.323824428312,5925.74508737704,6275.012062308014,6972.736425168156,20424.420791485667,0.9999912115774613
"y_rep[18,1,1]",3545.9555491086253,2.1132142183497193,294.63693749521536,2998.446784353969,3340.6028716700907,3535.7950013970017,3739.6288330823745,4154.226971362079,19439.600488136817,1.000039819838738
"y_rep[18,2,1]",6088.708246737235,3.5597361312267295,505.23625182042474,5160.078558306232,5742.955961058681,6064.718266095951,6415.78107852049,7133.2990428582525,20144.35636860731,0.9999688074854111
"y_rep[19,1,1]",3623.971777817783,2.163031142578488,303.46956591547973,3069.0581814944994,3412.4115003911115,3610.578163468468,3818.4026522233316,4253.3512376328645,19683.60957954242,1.0001881460049789
"y_rep[19,2,1]",6235.014295389086,3.7039578228134653,518.9902790512097,5288.437836548835,5875.763907471594,6206.510674789428,6569.588022854032,7320.8501341145075,19632.987105034103,0.9998317689690307
"y_rep[20,1,1]",3704.271899381533,2.271320337048348,308.3619526222617,3133.38862297581,3492.525834307559,3693.6588527695976,3903.618617014784,4351.386420431899,18431.674620011894,1.000028901903434
"y_rep[20,2,1]",6373.6959892681825,3.774181976300228,534.0002197429897,5383.299442474353,6000.832041785227,6352.8547930726145,6722.430670241636,7469.631982851303,20018.76119391477,0.9999563865858289
"y_rep[21,1,1]",3781.67953261798,2.2720468035295664,312.44101355128544,3204.650847895294,3563.586550148556,3770.867282317971,3986.963758232034,4429.438946301268,18910.43543067305,0.9999401240968869
"y_rep[21,2,1]",6517.273901710719,3.7942157484271584,540.870701496778,5520.27897778973,6143.264750960583,6497.370219827368,6864.949706446438,7640.799658317685,20320.896731951612,1.0000968074778025
"y_rep[22,1,1]",3862.0838733030787,2.2887240158193523,320.6079317148748,3271.94141215347,3641.1634569990315,3850.344915074036,4069.1522159270244,4533.3590656076,19622.831354168185,1.0003439536796952
"y_rep[22,2,1]",6663.012964237586,3.9410842709776586,550.4512854292284,5647.368850227994,6285.559493360047,6636.148568534356,7019.998121163773,7810.432152257972,19507.712110943623,1.0002937883967251
"y_rep[23,1,1]",3941.6477857810646,2.3119271006458306,328.72705294254234,3342.4000325258407,3713.691922837368,3927.2153470753256,4151.893688990743,4633.661903729547,20217.27510926377,1.0001428321098094
"y_rep[23,2,1]",6816.728312160419,3.9991091927255353,566.9878295848206,5771.922434504238,6426.362340402647,6796.031384558104,7184.199108919791,7994.165950261069,20101.15206038311,0.9998475512703574
"y_rep[24,1,1]",4026.96992449581,2.382778231892877,332.3501152758056,3415.9795846167804,3794.7621817933123,4009.4770521471737,4244.056206991047,4707.864733323928,19454.694691734177,0.9999741239882416
"y_rep[24,2,1]",6955.949409106836,4.049555236565852,579.4309462458251,5885.263463179351,6554.4484152098285,6933.852684604186,7329.698371486264,8155.972793370356,20473.340914132437,1.0000084937982903
"y_rep[25,1,1]",4112.857241371246,2.4350716300761555,341.21214962932225,3477.9384035197077,3878.2993575307446,4097.491944669783,4334.008748301634,4822.213877779887,19634.755232923057,0.9999675258860927
"y_rep[25,2,1]",7101.077917217168,4.173345020692274,591.8816651554487,5992.45106015117,6693.6866336020485,7082.395071236357,7487.115425270169,8323.6928445788,20114.12724058992,0.9999679648491305
"y_rep[26,1,1]",4193.865255099886,2.4544175634155283,349.0251813994863,3547.4082495481102,3951.529822232177,4179.460415220072,4422.555237590636,4915.355278512379,20221.6515668659,1.000278751865953
"y_rep[26,2,1]",7252.303082130512,4.277139409909059,608.7779900726707,6133.078945753273,6832.503286356354,7230.045764825214,7648.85766210637,8514.522349594397,20258.676662231843,0.9999883508443388
"y_rep[27,1,1]",4281.461445152968,2.513593100095028,356.08358910506814,3623.222157718783,4037.358029203465,4268.940287285119,4507.331430524786,5021.350464766018,20068.456265578116,1.000096537977475
"y_rep[27,2,1]",7385.509400860178,4.462341156384732,620.1472825073756,6239.847399327124,6955.362982242197,7359.619376410496,7784.207776721154,8683.362135781605,19313.640791197377,1.0000456027250983
"y_rep[28,1,1]",4370.716479636053,2.593938750327787,366.3990015218154,3697.4383403937622,4114.287343560599,4356.587388189784,4607.644068413404,5137.875035172987,19952.12370965696,0.9999910134096937
"y_rep[28,2,1]",7536.7101577255,4.383291251471154,624.1152304128077,6382.69549057175,7096.419671298481,7511.26877806042,7944.649556868304,8848.508701367753,20273.508077156668,1.0001978027297276
"y_rep[29,1,1]",4456.727996331195,2.5960057613735192,372.82500660499454,3776.55273500596,4198.438672058198,4441.915966469027,4694.32150554871,5237.607294404619,20625.228303383814,1.0001152863157488
"y_rep[29,2,1]",7693.314128730552,4.681758471123757,648.4689392386128,6509.689919421209,7242.0236398771685,7665.7212587119775,8104.057826001432,9059.240533381164,19184.935688256784,0.9999516544115031
"y_rep[30,1,1]",4541.000671058452,2.689713935447528,381.3265646172322,3833.8853218472987,4277.081924681433,4524.591161767961,4784.188349434539,5335.951861359532,20099.34642703948,1.0000486184724773
"y_rep[30,2,1]",7836.4306652905725,4.632360305581359,656.5459544427266,6621.961285734047,7384.91713498957,7811.640980468805,8258.199724810058,9209.663452566729,20087.4864207232,1.0000686030833843
"y_rep[31,1,1]",4633.313003328819,2.687494536262745,383.2042649786818,3920.0091332152474,4369.774918353277,4615.40919000873,4884.271124542549,5425.152247822203,20331.3158893514,0.9999115230913134
"y_rep[31,2,1]",7985.200536919266,4.807005421449299,670.033415436332,6748.605660645161,7521.825718558721,7956.044527075148,8418.700841477083,9365.18022827971,19428.69811727585,0.999979367554837
"y_rep[32,1,1]",4723.660332901725,2.7285133456338424,391.1172945546754,4008.519290425451,4452.483841802304,4708.921761462188,4976.3778075065275,5533.497034258945,20547.636568604154,0.9999247965296558
"y_rep[32,2,1]",8129.389054085334,4.734555758126014,674.4086248028427,6876.214251188695,7663.80296536878,8105.716205701394,8561.56118917321,9530.006757336454,20290.26692459579,1.0002848762472643
"y_rep[33,1,1]",4809.927040495878,2.7867063326661157,398.835441012903,4067.3084847997043,4537.271611891198,4794.311991078635,5067.8438344430815,5637.690167472061,20483.54298452537,0.9999572385526885
"y_rep[33,2,1]",8274.379573687163,4.89288054077969,688.8406566692366,6986.781579657723,7795.88467107764,8239.833006828703,8717.314249647132,9702.606126145714,19820.213069823672,0.9999208497814859
"y_rep[34,1,1]",4905.476453265743,2.8970702960851256,412.02282239795994,4152.986543830055,4620.5225416887715,4886.355582634581,5172.665298928874,5763.999360323862,20226.674189528465,0.9998537504150303
"y_rep[34,2,1]",8424.835588995444,4.924451592172483,704.157555616368,7121.837555654556,7935.411728613389,8400.855533148564,8884.642143016283,9891.798922493377,20446.733757563943,0.9999524095259537
"y_rep[35,1,1]",4997.340231249163,2.989899516031904,417.07928946547617,4227.088099831026,4709.208251225286,4980.249727408696,5265.504967722641,5865.069961716008,19459.158890715276,0.9999304207076913
"y_rep[35,2,1]",8576.769911689256,5.018541633366068,713.5114247793108,7271.314963252958,8083.849076721604,8549.155779234545,9040.653533068835,10061.65745652587,20213.74581299653,0.9998973369425677
"y_rep[36,1,1]",5092.09621027411,2.944717591553094,420.2833087437519,4320.852343572193,4797.80565554153,5075.110507632064,5363.867323967128,5968.940178746531,20370.27929889854,0.9999207877827575
"y_rep[36,2,1]",8706.117025403037,5.093589374683324,721.4429759469687,7384.893121360126,8201.034774502605,8679.591515963226,9171.18401812943,10201.619966208722,20061.16532769726,0.9999979176304288
"y_rep[37,1,1]",5176.708857926691,3.0739288465421177,429.6720649772241,4384.092159546397,4878.051887100302,5160.373588679966,5455.062951220856,6058.930656738224,19538.292956946472,0.9999685842189985
"y_rep[37,2,1]",8851.999519679406,5.269644723491149,737.3257166344919,7490.525929693242,8345.995600523005,8824.233266256786,9326.533887072403,10389.229552222181,19577.448517625922,1.0001928261610493
"y_rep[38,1,1]",5277.303286467888,3.103838992121607,442.9114867703477,4455.829528881462,4971.842782547009,5257.255975526746,5560.08235336789,6199.898486776722,20362.70727564875,0.9999879932803709
"y_rep[38,2,1]",8998.984848759123,5.508372114177626,755.9205116865892,7613.613721683477,8474.163805179523,8961.636793121399,9489.020267350861,10571.420131569228,18832.402074635767,1.0000030591588354
"y_rep[39,1,1]",5373.682132669351,3.1750203676535387,449.24887012549937,4541.122320429908,5062.481115210662,5357.56059540617,5662.868000842198,6295.9308791468675,20020.77826735783,1.000092594085736
"y_rep[39,2,1]",9136.609543096845,5.3777366847916674,772.4487941993385,7717.764148912684,8600.50261153274,9106.09687371985,9638.938192369636,10743.647526090997,20631.95262356791,0.9999887813247137
"y_rep[40,1,1]",5458.307741290168,3.1991257425604753,451.4735360546424,4626.646980558352,5146.483982130717,5443.459475822308,5748.679160041198,6395.319391789959,19915.993501022047,0.9999359029417779
"y_rep[40,2,1]",9279.950692259847,5.470652842581382,768.0694597842112,7868.227149249618,8749.208233959307,9244.19958471844,9773.68787821275,10881.526879912866,19711.636488730204,0.9999877203320462
"y_rep[41,1,1]",5558.152057979568,3.2600204458731787,463.4729877471953,4698.068634879354,5239.023580442018,5537.897544978272,5855.5503459139545,6506.250153037298,20211.949637416725,0.9999533893028795
"y_rep[41,2,1]",9414.818949042487,5.5988198419776625,779.6919557480757,7976.168952290363,8873.124762987813,9379.782369343502,9926.711983295669,11028.063901176802,19393.36275041977,0.9998570615652459
"y_rep[42,1,1]",5650.429693750899,3.3165551189714475,468.0680206098652,4797.471469658639,5329.068892029217,5630.371435377765,5954.7186185629735,6617.556815703071,19917.897893747606,1.000163634741172
"y_rep[42,2,1]",9554.0527082715,5.6415104292498475,792.2652765644364,8078.375965838999,9010.158553969308,9521.32574703736,10075.970003746257,11163.101910115216,19721.97724804479,0.9999980672273528
"y_rep[43,1,1]",5747.498068047399,3.407769200710939,479.30180352660307,4849.209388266746,5418.137369242242,5728.454515262024,6057.189933126167,6747.345679963613,19782.345355804788,0.9999392666957871
"y_rep[43,2,1]",9686.331811243632,5.614854316746249,803.910968523466,8225.59599953416,9128.406042714672,9643.099868343332,10206.22574727967,11385.830006053406,20499.29490778448,1.000069233820967
"y_rep[44,1,1]",5835.988825742408,3.4320385816441656,481.35572757186765,4941.916870756444,5501.328602136211,5816.784250813195,6149.367352658159,6822.598487420546,19671.06913827708,0.9998789945325348
"y_rep[44,2,1]",9822.8439075171,5.730592631651199,813.2862314668215,8322.371352651497,9258.980145114141,9786.338600478724,10352.453606959178,11492.950037616738,20141.31241266001,0.9999924633940815
"y_rep[45,1,1]",5941.069163140861,3.539268968925875,492.3532697791447,5032.1113122204415,5599.449916921025,5921.1673494706065,6266.467429529053,6962.87422144727,19352.02944709922,0.9999651256455452
"y_rep[45,2,1]",9949.097452347814,5.739071497451782,821.3191064174357,8425.34531337595,9385.427107138285,9919.965330871803,10471.179861272154,11663.094727022872,20480.50124616505,1.0000033905415926
"y_rep[46,1,1]",6037.849889701409,3.641575259329458,507.5789016401361,5110.157872247011,5682.452359853543,6014.980796917641,6369.8751042069025,7089.92180077475,19428.020077887042,1.0000169682387696
"y_rep[46,2,1]",10086.310474063857,5.990140100506998,847.730222632312,8545.1955361264,9493.88574061899,10053.472958417618,10630.945914278323,11852.556013649779,20028.17479887011,0.999953441607211
"y_rep[47,1,1]",6127.591352478674,3.6447252785870212,505.0173527249901,5192.833501037669,5778.020235693806,6103.727897695374,6450.943150328793,7170.082257966728,19199.194318657133,1.0000616668324767
"y_rep[47,2,1]",10225.056117724938,6.002178438468473,853.7859725890125,8622.115293187147,9636.96468599758,10189.734390272697,10778.487335150367,11989.19072887239,20233.92918142733,0.9999384949782691
"y_rep[48,1,1]",6230.8680689224575,3.6498671055980845,518.9430099697348,5285.782190894921,5867.121165931867,6212.47716742403,6567.213011835512,7308.377317370413,20215.53454069734,0.9999904090811428
"y_rep[48,2,1]",10342.594123592708,6.159179949328582,860.4057577608337,8755.841342479813,9746.507462001311,10307.533296965974,10899.451641073578,12135.203670642377,19514.652868219368,0.9999039874466823
"y_rep[49,1,1]",6322.306590134362,3.7829356680508557,528.2035085674631,5357.548121534885,5958.059000005178,6302.278433089456,6660.069264070715,7425.026726231583,19495.961191998857,0.9999959444475831
"y_rep[49,2,1]",10478.038003822508,6.371391301369294,873.2966790047651,8865.100882122668,9878.056861342524,10433.580904597053,11039.124869119989,12303.077340221553,18786.897275769323,1.000002526515917
"y_rep[50,1,1]",6417.73548667198,3.7511762078359343,535.2557792065486,5424.015645642551,6049.533150979652,6391.3793921394645,6766.493936999749,7531.243313253904,20360.470038968244,0.9999731663680399
"y_rep[50,2,1]",10598.01116259772,6.340437413978242,890.162466140502,8956.730810569572,9976.057863025157,10564.703795193582,11175.966463212932,12445.25160727451,19710.61233646518,1.0001111959500408
"y_rep[51,1,1]",6517.491874058324,3.821058801669199,542.1819352559597,5515.043971899696,6143.653972372201,6499.849642899229,6866.792920847536,7656.574619696927,20133.656031594237,0.9999443983070357
"y_rep[51,2,1]",10721.283527765716,6.352121634001,896.5634239152388,9062.381390592542,10097.662093737643,10682.839683983097,11304.755555136357,12565.695945261139,19921.60953820186,1.0000320451136722
"y_rep[52,1,1]",6609.8616168028775,3.842694140997697,546.9308671387348,5611.040615230959,6232.244897324972,6582.986678243564,6965.227462367188,7756.605719781109,20257.844460175722,0.9999913244762292
"y_rep[52,2,1]",10845.329954726627,6.448009802414987,903.6530761933602,9148.113308148411,10223.031859056051,10808.733737673294,11434.246275643058,12708.315051174788,19640.479421376393,0.9999375430329474
"y_rep[53,1,1]",6702.78329453418,3.9327525384768505,556.9767940360882,5680.963243949967,6318.470908919332,6676.121400497229,7059.475853097621,7866.27513852167,20057.692177494086,0.9999924315995765
"y_rep[53,2,1]",10962.35883744866,6.46658391970489,914.9074128003393,9287.858299838594,10321.353977955327,10929.533195986503,11559.448855563693,12839.847906022957,20017.25200827278,0.9999711733736103
"y_rep[54,1,1]",6795.6118304749025,3.9998838814243585,560.5124434619187,5767.359134527124,6410.285751438377,6773.494285279522,7147.225098178967,7974.211744648915,19637.02755001411,1.0001519092475142
"y_rep[54,2,1]",11065.224127005971,6.5259201579280806,911.4332825598792,9398.528149353839,10432.75566895985,11029.334843302917,11645.235838695891,12961.246025172608,19505.911747978465,1.0002488720875022
"y_rep[55,1,1]",6890.518552358023,4.1186731381386945,571.3392016655201,5837.685662566726,6493.114734919333,6867.03568158624,7264.199961108622,8086.3548186905155,19243.027151071256,1.0000632717301952
"y_rep[55,2,1]",11187.56692205172,6.591881841905919,928.2706238546347,9469.525382245189,10547.21080518258,11153.682301814499,11784.576058295688,13128.249130430866,19830.350283026342,1.0001113293844117
"y_rep[56,1,1]",6988.721339644078,4.126080118277353,580.5335596077474,5926.511150086871,6587.495604319351,6972.284616855301,7360.3294785557155,8196.376084588213,19796.08673122888,1.0000056603913319
"y_rep[56,2,1]",11291.79361192705,6.592766997631264,937.3334721635941,9568.28194832213,10642.97476789704,11247.767899799279,11897.699087524677,13274.940821892476,20214.02496116657,0.9999738279282707
"y_rep[57,1,1]",7085.092814198433,4.167791440973452,590.4282309375164,5997.6233961361695,6673.506932143721,7059.65419047762,7465.190753827493,8314.302475572773,20068.840101175472,0.9999637284673071
"y_rep[57,2,1]",11412.785855350503,6.781710766720365,948.5120030703358,9672.02768910138,10751.155115036312,11372.324894864454,12035.175990890712,13374.909814072278,19561.724356278286,1.0001874760826028
"y_rep[58,1,1]",7179.5878221953535,4.278215872384099,597.551543751042,6085.233581164314,6763.5997430467505,7155.9754406180855,7561.407892115361,8403.138212634456,19508.566400458687,0.9998858155491888
"y_rep[58,2,1]",11530.787068003374,6.802298652189809,956.7146618338766,9772.92945663152,10860.81853778725,11491.855521315953,12159.804124563943,13505.905815049748,19781.23799994689,0.9998535063139596
"y_rep[59,1,1]",7277.821863193997,4.268441674885473,603.1907451214784,6167.426000662222,6861.478174836339,7253.927170345834,7667.289037814146,8535.094129538253,19969.65840030752,0.9999812504012823
"y_rep[59,2,1]",11631.260869666914,6.80397580988869,967.9841372303065,9853.511409357554,10957.309724157045,11587.601113976605,12249.194781125343,13633.746851238682,20240.02101048722,0.9999217370995612
"y_rep[60,1,1]",7361.795720299248,4.352486221830529,611.7126749799049,6225.510156783643,6940.703035057692,7337.383934886371,7752.003072113606,8639.214001562168,19752.41259794768,1.0000008165697145
"y_rep[60,2,1]",11734.627392856322,6.876380947688148,971.7791969005971,9943.06630664438,11067.71538109568,11696.154826697857,12360.743671376313,13729.199795422728,19971.71402944567,0.9999793648643203
"y_rep[61,1,1]",7461.902745217633,4.367832859989157,619.5192932097457,6307.1421639140135,7034.0490853436695,7436.748179125794,7866.474658696554,8736.679925172513,20117.668573842348,0.9999856037403588
"y_rep[61,2,1]",11834.039534427537,6.954177853468394,974.7282119633535,10060.22779388541,11156.570481666693,11789.472334167283,12459.513261204966,13874.146603452957,19646.060867093413,0.9998813178343906
"y_rep[62,1,1]",7557.843141485718,4.436004102266313,630.1049013189677,6391.861462071925,7122.28613477868,7527.297134771612,7961.552272301839,8866.990581453298,20176.314433199936,0.9999457680556296
"y_rep[62,2,1]",11936.51515643327,7.0873304132949455,995.1034497933464,10138.794620516619,11243.016728424986,11895.229277035123,12581.819769319114,14020.852887186393,19713.834367327414,0.9999699739722491
"y_rep[63,1,1]",7654.143765314124,4.515704620224594,635.4707433941563,6481.224444191207,7211.20781891827,7628.6706488402915,8071.516812956628,8970.3873840271,19803.414104396827,0.9999278651595886
"y_rep[63,2,1]",12020.499750022402,7.095833526205113,996.3352552083552,10192.050979321737,11331.56756404743,11972.487304077566,12659.694344093656,14094.170424795775,19715.334956919887,0.9999909722627378
"y_rep[64,1,1]",7742.43092617855,4.50524934882126,638.411125049239,6561.11681581881,7300.518500028409,7722.908841776494,8161.4869484748,9061.641649547522,20079.977777798722,0.9999059413714598
"y_rep[64,2,1]",12115.202076107495,7.116030487461982,996.0780061859289,10291.743706883708,11435.840825402494,12063.546702961223,12742.72543324815,14195.123545866922,19593.458503035934,1.0001979612427867
"y_rep[65,1,1]",7836.706344800793,4.63977069571072,654.3479382913638,6627.439580752433,7383.975336191079,7807.862228601474,8265.086477635215,9199.58994471053,19889.526377396127,0.9999195760958512
"y_rep[65,2,1]",12223.711291981706,7.058183050359294,1007.1389567647085,10341.8048705964,11533.469487036291,12184.099916363688,12885.16822489244,14275.596221007041,20360.71174179,0.9999500481303736
"y_rep[66,1,1]",7916.494370028375,4.645615388938225,655.5241269905794,6685.871560311519,7465.306911631983,7893.85647846099,8339.285108714517,9258.861972464154,19910.89849273684,1.0002095757004057
"y_rep[66,2,1]",12319.082537295013,7.182984864096262,1018.1557923077438,10453.205106887386,11612.659854791766,12269.601937576641,12982.777404772269,14425.877200297737,20091.78721441132,1.000123822107285
"y_rep[67,1,1]",8001.363496354144,4.7764431441370725,669.3199411757339,6777.250518687806,7536.726713405623,7970.108945766878,8436.74605822773,9364.83004041667,19636.23872578599,0.9999505869874439
"y_rep[67,2,1]",12403.211495791473,7.400486903193463,1028.4941205261005,10502.358893246805,11696.307477792801,12362.35695375333,13061.522433402239,14538.90552765577,19314.4807888717,1.0000042947216319
"y_rep[68,1,1]",8099.067135355064,4.914077095591248,675.5470020321887,6865.419745212317,7631.0460409821135,8069.874606727081,8536.303179062328,9496.470792998038,18898.494584616874,0.999864443710999
"y_rep[68,2,1]",12490.014685290502,7.346935579229713,1032.896590758804,10594.055157905274,11772.617541000105,12454.38385328843,13147.157255280486,14669.022555416466,19765.20050515357,0.9999065884366873
"y_rep[69,1,1]",8189.145868704811,4.860595942988585,680.0666931758411,6930.964170216523,7721.070265535878,8157.179996129877,8629.205620877136,9607.682387418703,19576.00064954198,0.999911458636999
"y_rep[69,2,1]",12553.191869130767,7.35479654461877,1028.2813225345005,10648.8365600856,11833.862343421215,12520.139616864006,13221.265120732396,14693.196863957288,19547.11050611701,0.9999613986939904
"y_rep[70,1,1]",8270.120386179644,4.829431187299051,686.4654216478447,6998.2355320639035,7800.138072478997,8241.44077146368,8716.406686459626,9690.413308743175,20204.372523645452,0.9999016060211217
"y_rep[70,2,1]",12660.266233455295,7.5881073156481955,1042.7761617184808,10722.067044986,11938.732954145999,12623.531529696367,13336.591854961054,14807.888863042232,18884.924821326316,1.0001758123290452
"y_rep[71,1,1]",8361.606458401298,4.946450476567063,699.8966453803315,7071.3248100404435,7874.080659621495,8335.00225652635,8817.36844630003,9807.480402595183,20020.756943796354,1.000067691194309
"y_rep[71,2,1]",12735.970886266932,7.390782386809274,1051.9733120967173,10808.767884505898,12007.901153315102,12694.300114893682,13420.013857804035,14918.98795895328,20259.49492339612,0.9999558715592356
"y_rep[72,1,1]",8443.356348246005,4.918455868878992,698.7483257914644,7158.3776345503975,7964.551568753932,8413.425045812417,8898.361379637154,9894.664930691715,20182.92017867148,1.0001675159318113
"y_rep[72,2,1]",12830.399111666975,7.6074129237171455,1078.191930239399,10851.04501736074,12088.79045723679,12781.332870071039,13530.34578546436,15068.303945439915,20087.143123769867,1.000228587854002
"y_rep[73,1,1]",8527.894483906926,5.049441543172732,709.1945573158439,7235.761744126939,8034.799861234502,8498.1148215305,8988.654501003442,10004.436814190254,19726.229902038773,0.9998574607855912
"y_rep[73,2,1]",12901.695882203843,7.476188840637878,1060.587718883208,10947.453620775108,12173.86872638723,12854.745400680473,13579.492230028596,15109.87311129713,20124.850481105957,0.9999152190259
"y_rep[74,1,1]",8617.596385076375,5.135943334926345,714.5781323193045,7296.775629110717,8120.004404070795,8593.5333859686325,9076.63910798748,10103.23281672112,19357.933624268448,1.0001016982968336
"y_rep[74,2,1]",12993.418569144504,7.493561561605515,1069.452808232835,11013.860653326405,12254.038646572555,12953.89134846582,13695.748551821162,15192.849848909253,20367.920510884007,0.9999460422529937
"y_rep[75,1,1]",8699.888719203907,5.093700259050121,722.6890822044166,7380.86696177806,8200.043305279842,8662.782888131867,9166.320964365777,10210.497311126606,20129.649702362243,0.9999023512775003
"y_rep[75,2,1]",13036.132010285311,7.757929702646868,1092.400135537522,11031.477913014483,12281.217587470403,12989.990338733449,13737.157942895352,15307.493920832392,19827.675870303818,1.0000363423926162
"y_rep[76,1,1]",8780.46857911169,5.101042412120624,720.4868071767083,7426.9839544938795,8289.436367210392,8755.547454031126,9236.432661546161,10268.166613387764,19949.600209395674,1.0000147670528372
"y_rep[76,2,1]",13114.60122665719,7.673309801176657,1088.5051369327673,11127.846080402542,12359.008818937513,13067.581335913634,13809.55958119981,15348.85830622197,20123.12849909219,0.9999043883988994
"y_rep[77,1,1]",8860.281073709577,5.139164486193515,731.8421701910362,7516.028012794605,8351.343335213567,8832.923125943606,9333.786184026234,10383.857435394311,20279.153629327975,1.000017290698231
"y_rep[77,2,1]",13188.775531932331,7.732041391446095,1092.0589886907396,11188.62171202677,12430.974650653963,13140.80476363181,13883.782630344182,15483.873369281886,19948.20649732046,0.999994128461071
"y_rep[78,1,1]",8945.741165091224,5.34086437077177,744.256902804259,7584.865949813458,8429.840820948884,8916.861955735867,9420.155717018795,10494.78074160262,19418.81140488818,1.0001182954071282
"y_rep[78,2,1]",13244.188725676237,7.773908796831725,1100.362281162173,11242.67125434838,12479.356667851922,13192.158777442562,13954.032532068284,15535.260883180936,20035.14581519986,0.9999638339798822
"y_rep[79,1,1]",9022.134499920201,5.331576839958433,752.0908628520998,7637.339288196744,8506.702054828163,8988.2055724761085,9502.399305472383,10601.16869806266,19898.90961878441,0.9999811745833701
"y_rep[79,2,1]",13309.161425842374,7.885561780443088,1102.9740535034002,11267.629257576375,12543.390693970112,13259.574574426433,14026.957829480103,15583.800051270138,19564.345110988084,0.999998235499542
"y_rep[80,1,1]",9098.17047096009,5.414532078319635,756.5484830023946,7718.017493092803,8574.394757833476,9068.382291559345,9587.787454316356,10664.812494430656,19523.22985783326,1.000140582744151
"y_rep[80,2,1]",13361.052090478895,7.946267123796454,1105.9991568711055,11345.864887492813,12586.693419248131,13314.760931247001,14079.2801194756,15652.554372491704,19372.393014538222,1.0000048776005035
"y_rep[81,1,1]",9183.362728060309,5.384881009400501,758.5271786053474,7778.264907892003,8661.225388061928,9148.222925977527,9673.701448563772,10748.829038770962,19842.21133419259,0.9999694583984822
"y_rep[81,2,1]",13439.282963564467,7.99877011641688,1117.6640757951536,11404.213085573947,12660.628740110946,13393.533073327417,14154.84639104346,15803.391960014764,19524.330613271082,1.0001389525172706
"y_rep[82,1,1]",9264.325263691873,5.3705916052514455,766.4891950617861,7862.288856943308,8730.617477027941,9235.164222800173,9762.34715035956,10854.22641177731,20368.911297881954,1.0000563554748696
"y_rep[82,2,1]",13498.663285993405,8.02082885094629,1116.6045878287796,11455.371601028046,12727.252812398307,13456.76809050827,14219.179404202141,15805.326250738746,19380.29203389491,0.9998821691446601
"y_rep[83,1,1]",9329.738561886756,5.463907541103626,772.7304440517066,7905.722758357848,8797.223103710461,9293.029118771537,9828.966748104314,10952.093475839125,20000.891892377105,0.9998475828693622
"y_rep[83,2,1]",13556.11858370614,7.955024835289508,1115.2058589020992,11516.628937083982,12782.176352032511,13506.10246447963,14269.491885682457,15890.675348414074,19652.916326102222,0.9998613226635212
"y_rep[84,1,1]",9404.425878858508,5.431969555865002,776.3993086478647,7977.558788515271,8857.117590420079,9377.439380432425,9919.945093744709,10984.096862004657,20429.40064487728,0.999865224711495
"y_rep[84,2,1]",13625.845947889273,8.179828316335305,1124.847303771749,11534.366603860162,12846.268622336478,13582.78444060422,14365.658611953824,15972.325245704636,18910.315135813813,0.9999099445906763
"y_rep[85,1,1]",9478.540940768456,5.628511087452802,791.441748215761,8013.0241206704895,8935.711460899052,9448.914363489057,9989.717871122859,11139.993931782712,19772.011705671503,0.9999297278109653
"y_rep[85,2,1]",13666.831054181124,7.963643506156416,1126.5086061881725,11602.237467190329,12889.309363491455,13617.18410909353,14391.978739658121,16010.422079822316,20009.92251252813,1.000231875662424
"y_rep[86,1,1]",9550.58090052733,5.5476332859717346,789.5461941057358,8097.146550794445,9005.07811686306,9515.546401479212,10051.815926455958,11182.247160647885,20255.342834986543,0.999936576918499
"y_rep[86,2,1]",13724.756275077478,7.948457346920449,1135.530845995223,11633.869158714953,12942.146658575975,13676.34375799368,14463.840598566763,16079.89750162707,20409.491102233977,0.9999893192786239
"y_rep[87,1,1]",9621.669750193505,5.706683869610734,789.3337755482027,8185.342374058952,9070.843521268933,9594.077653123528,10139.501447848941,11242.49960559879,19131.707994278917,0.999853562720879
"y_rep[87,2,1]",13781.225625912752,8.071666528617994,1143.6654148086745,11648.52627629159,12985.639542177872,13725.296217866191,14530.301014176825,16130.933182217088,20075.73958054358,0.9998975526912133
"y_rep[88,1,1]",9686.662224708496,5.685730922027458,802.2224258059942,8186.056276417322,9135.953770472777,9661.021444309925,10204.944989227111,11345.756636594562,19907.51222496374,1.0000765920690724
"y_rep[88,2,1]",13836.565493611513,8.06417599862294,1146.2354791243256,11723.441268847402,13033.961923875208,13792.90817728194,14584.221632294313,16199.355528869337,20203.550555783004,1.0000331284536268
"y_rep[89,1,1]",9762.023999458062,5.685051617682614,802.1755349868772,8286.812804693393,9204.474528911283,9730.276656722497,10279.65106860485,11433.393622464704,19909.942267231534,1.0000106063850762
"y_rep[89,2,1]",13868.250601169706,8.352719960748969,1159.5332570738224,11735.069299858198,13064.663588204325,13822.896432434902,14605.01581414637,16294.911885794962,19271.280657854655,0.9998696099679372
"y_rep[90,1,1]",9833.360704091234,5.830917569491983,821.0309133039982,8299.517368920695,9273.652486970444,9803.36708300484,10365.713274174985,11533.800451711688,19826.461679105447,0.9999495437612338
"y_rep[90,2,1]",13933.440234979495,8.226620806062742,1162.7661863845092,11781.538380177268,13122.248079989744,13882.562005609223,14687.786241938415,16321.15559737885,19977.531701723612,0.9998991895344974
"y_rep[91,1,1]",9909.076045890342,5.83578050322112,825.2504216032701,8393.320939169991,9340.784103817123,9864.272492889118,10440.928960920472,11634.952358015616,19997.40361722646,0.9999896005976967
"y_rep[91,2,1]",13974.200203309167,8.136929249372619,1155.1413592527776,11854.206314445233,13174.21759873384,13926.77681626236,14724.251723139489,16345.367140802475,20153.440059575507,1.0000754249360635
"y_rep[92,1,1]",9953.699443717294,5.891455584815778,826.4616524524185,8422.539738152189,9376.789117549704,9917.618770729856,10490.708143678507,11697.343675472626,19678.871899177426,0.9999767236554462
"y_rep[92,2,1]",14014.14798557794,8.269639332814009,1169.0544840901123,11855.17854144564,13206.00025101562,13966.717094676973,14766.210090461831,16470.69151928523,19984.641699032436,0.9998855663409835
"y_rep[93,1,1]",10039.5626055779,6.0946936684111686,836.1780381743356,8498.847455153835,9461.972102052576,10002.66693772124,10582.499441300686,11784.784679129038,18823.21269702344,1.0001599970886443
"y_rep[93,2,1]",14053.249779808904,8.199790506720454,1168.9728143325344,11909.492470236159,13255.30907581682,14003.370574494023,14798.603331259594,16532.092097981204,20323.72495197459,1.000289233930456
"y_rep[94,1,1]",10081.096716700618,5.8929693389653215,834.7032776993918,8526.47888509285,9502.798713613609,10042.801928348255,10615.313639203772,11817.580060338974,20063.000077222467,0.9998858549565058
"y_rep[94,2,1]",14107.62479457683,8.176229941622285,1160.6463272072663,11953.713053220385,13315.130745909097,14053.355826816907,14836.134821135605,16552.74494506852,20150.861101743278,1.00009647190745
"y_rep[95,1,1]",10148.5295379104,6.193419612046475,845.5536570533558,8586.77166390777,9562.301756571718,10118.662893986573,10689.125880219366,11898.655770333982,18638.945326585515,1.0000424510869388
"y_rep[95,2,1]",14130.473226499877,8.262700095056177,1165.3682277679357,12002.10922911839,13322.941864626066,14079.895454926711,14895.77287925562,16540.7432065654,19892.179400412104,0.9998933556050511
"y_rep[96,1,1]",10211.554757908732,5.956896325342647,850.4484671084556,8652.5616121840485,9617.166288812019,10173.590429609936,10763.172798582462,11961.632541244124,20382.428244934086,0.9999852043412853
"y_rep[96,2,1]",14187.959814469868,8.376863340753378,1170.2214203497008,12042.512050548205,13381.496936082736,14130.795358293566,14950.079953304494,16617.233672282535,19515.20985876411,1.00013248717036
"y_rep[97,1,1]",10281.108744844696,6.020033036356557,849.5716908520641,8710.976973413508,9693.307233670632,10255.559717595865,10847.798488165065,12014.372695083985,19916.009098378345,0.99998665351386
"y_rep[97,2,1]",14213.708377145802,8.39522276251534,1176.4093415886189,12054.970515480583,13388.483276032115,14173.11151612665,14978.310726239297,16666.295924960377,19635.975438005513,0.9998588694722512
"y_rep[98,1,1]",10340.283326256183,5.997188624776426,857.7658132528907,8749.505104322021,9748.845128370405,10300.3032478057,10901.727974716625,12130.104608220157,20457.00490270763,1.000305135038002
"y_rep[98,2,1]",14271.807024339862,8.396267579878467,1184.800290249248,12103.459199306957,13458.957986531956,14215.696813898756,15041.106814231387,16770.939144624615,19912.131998404635,0.9999703733072944
"y_rep[99,1,1]",10396.372022894433,6.087202821424436,861.0006018519191,8821.686767536286,9791.89279268318,10359.78754004578,10952.011203486358,12190.414142058135,20006.511371445755,1.0000529284643742
"y_rep[99,2,1]",14288.584139675795,8.387209742630494,1184.836643058992,12085.16474210803,13474.953115371834,14241.189664565372,15047.902875348154,16770.55795439548,19956.38834211342,1.0001383311166143
"y_rep[100,1,1]",10446.377802579811,6.259781539248313,867.7554998465305,8844.269280328863,9842.16806408095,10412.327216047612,11014.690762248234,12237.751988813845,19216.593168516865,0.9998693097156482
"y_rep[100,2,1]",14330.020284347582,8.521345862154066,1197.0574395455187,12149.518254080887,13495.000252919155,14269.380084071181,15089.938897519682,16849.85268143387,19733.930518447356,0.9999240258307638
"y_rep[101,1,1]",10510.761780056953,6.306597151910737,869.359801094487,8905.671217195415,9916.668710562106,10476.133092996948,11064.977020919858,12340.654737425317,19002.42069393723,1.0000361797143917
"y_rep[101,2,1]",14368.53880082928,8.547849478263483,1189.7638026107938,12184.241486833673,13553.08913457689,14317.717576557316,15142.550599240021,16830.045515407317,19373.485933588567,0.99997002607514
"y_rep[102,1,1]",10577.228995221178,6.29149092772625,879.507138678907,8949.816741622772,9967.798353533397,10543.156920023697,11152.558247099478,12393.085372909032,19542.11606339315,0.9999435472427272
"y_rep[102,2,1]",14380.621382029709,8.423352518291725,1184.2559956797857,12200.480761290866,13564.997445475881,14331.190803219371,15155.105210445126,16827.37751976154,19766.11107915783,0.9999858807700106
"y_rep[103,1,1]",10613.875438501807,6.176890093913495,882.1111152711329,9007.059152631587,10000.928165868672,10582.91317632972,11183.636839572504,12452.19061726025,20394.2078518532,1.0000021900246316
"y_rep[103,2,1]",14441.779474965382,8.716814520308048,1201.794354797539,12216.73267006193,13622.08926926327,14388.790867569314,15216.79220387269,16957.72745327556,19008.36266250368,1.0001887664006859
"y_rep[104,1,1]",10667.798329743951,6.3696807091801615,886.5798274295506,9026.362610836837,10056.596630152748,10633.311415256336,11240.138637487029,12502.19598930281,19373.15551150482,0.9999061329071931
"y_rep[104,2,1]",14452.8098889049,8.460657590234334,1196.6779609550604,12264.00740290621,13617.594528649981,14396.997845122054,15224.262155477007,16961.10503485722,20005.358905263824,0.9999779466167807
"y_rep[105,1,1]",10719.806940028928,6.310632451002181,897.5691833706131,9071.132801403315,10093.832960663261,10686.370794632028,11312.238306142644,12581.711183093352,20229.73035058178,0.9999028729517068
"y_rep[105,2,1]",14494.14659788426,8.671245640177986,1214.4468187789892,12226.380579472665,13662.786685423593,14454.235342870687,15285.862089441245,16990.50391305414,19615.258004171865,1.0001325616857661
"y_rep[106,1,1]",10761.811832246789,6.509138501097807,904.6669242792248,9101.440375738875,10137.276572541312,10723.836684038153,11338.899266704375,12648.679572908311,19316.58722409231,1.0000881948568963
"y_rep[106,2,1]",14525.159607387033,8.586230065194716,1208.5067678210662,12316.205149013376,13692.38396685312,14473.187977943835,15316.331557996922,17041.55313985052,19810.394842349186,1.0001416228582254
"y_rep[107,1,1]",10813.802264701773,6.379356446801687,904.0486328138069,9141.496730644454,10189.522336787042,10781.501419383683,11399.921893619277,12682.486069858662,20083.058318125895,1.0001428523757674
"y_rep[107,2,1]",14543.285479925076,8.70961042876786,1204.1587723640087,12328.072947957775,13706.290856408974,14492.749795013626,15323.634962354172,17040.525657160106,19114.812745474006,0.9999458588960746
"y_rep[108,1,1]",10875.489355854745,6.4095124089168785,896.2543358541005,9211.474882103481,10250.22829139602,10849.939181008487,11454.184729934417,12742.357227238952,19552.96190001489,0.999877197869896
"y_rep[108,2,1]",14574.477718882594,8.672406493952113,1223.308694994031,12311.295005879867,13735.217091503378,14526.577850723123,15354.834432066784,17109.148185410068,19897.241597004362,0.9998759967149763
lp__,457.5636681298126,0.023210298287151012,2.1566049316117293,452.52281680567995,456.3602349824515,457.88991252765106,459.1359199185543,460.75343098477197,8633.357883454317,1.0002129620389453
